Entry,M,R1,R2,R3,T,P,Al/M,Time,Cat,Cocat,MWD
1,22,21.1,8.7,6,25,0.101325,2500,1,0.5,1.25,1.13
2,22,21.1,2.5,6,25,0.101325,250,1,5,1.25,1.05
3,22,21.1,4.7,6,25,0.101325,250,1,5,1.25,1.1
4,22,21.1,2,6,25,0.101325,250,1,5,1.25,1.16
5,22,21.1,0.1,6,25,0.101325,250,1,5,1.25,1.08
6,22,21.2,8.4,6,30,0.101325,2000,2,2,4,1.38
7,22,21.2,8.4,6,30,0.101325,2000,10,2,4,1.17
8,22,21.2,8.4,6,30,0.101325,2000,30,2,4,1.43
9,22,21.2,8.4,6,30,0.101325,2000,60,2,4,1.45
10,22,21.2,8.4,6,30,0.101325,4000,30,2,8,1.28
11,22,21.2,8.4,6,30,0.101325,6000,30,2,12,1.3
12,22,21.2,8.4,6,1,0.101325,2000,30,2,4,1.3
13,22,21.2,8.4,6,-10,0.101325,2000,30,2,4,1.32
14,22,20.1,8.4,6,20,0.1,1250,20,1,1.25,1.72
15,22,20.1,8.4,6,30,0.1,1250,20,1,1.25,1.71
16,22,20.1,8.4,6,40,0.1,1250,20,1,1.25,1.73
17,22,20.1,8.4,6,50,0.1,1250,20,1,1.25,1.64
18,22,20.1,8.4,6,60,0.1,1250,20,1,1.25,1.57
19,22,20.1,8.4,6,20,0.1,1250,20,1,1.25,1.68
20,22,20.1,8.4,6,30,0.1,1250,20,1,1.25,1.59
21,22,20.1,8.4,6,40,0.1,1250,20,1,1.25,1.52
22,22,20.1,8.4,6,50,0.1,1250,20,1,1.25,1.75
23,22,20.1,8.4,6,60,0.1,1250,20,1,1.25,1.63
24,22,20.1,8.4,6,30,0.1,1250,20,1,1.25,1.72
25,22,20.1,8.4,6,30,0.1,625,20,2,1.25,1.67
26,22,20.1,8.4,6,30,0.1,417,20,3,1.25,1.45
27,22,20.1,8.4,6,30,0.1,313,20,4,1.25,1.72
28,22,20.1,8.4,6,30,0.1,250,20,5,1.25,1.78
29,22,20.1,8.4,6,30,0.1,208,20,6,1.25,1.83
30,22,20.1,8.4,6,30,0.1,1250,20,1,1.25,1.8
31,22,20.1,8.4,6,30,0.1,1450,20,1,1.45,1.53
32,22,20.1,8.4,6,30,0.1,1650,20,1,1.65,1.6
33,22,20.1,8.4,6,30,0.1,1850,20,1,1.85,1.59
34,22,20.1,8.4,6,30,0.1,2050,20,1,2.05,2
35,22,20.1,8.4,6,30,0.1,1450,10,1,1.45,1.7
36,22,20.1,8.4,6,30,0.1,1450,20,1,1.45,1.62
37,22,20.1,8.4,6,30,0.1,1450,30,1,1.45,1.67
38,22,20.1,8.4,6,30,0.1,1450,40,1,1.45,1.61
39,22,20.1,8.4,6,30,0.1,1450,50,1,1.45,1.55
40,22,20.1,8.4,6,30,0.1,1450,60,1,1.45,1.53
41,22,20.1,8.4,6,40,0.1,1450,20,3,4.35,1.61
42,22,20.1,8.4,6,40,0.2,1450,20,3,4.35,1.65
43,22,20.1,8.4,6,40,0.3,1450,20,3,4.35,1.63
44,22,20.1,8.4,6,40,0.4,1450,20,3,4.35,1.65
45,22,20.1,8.4,6,40,0.5,1450,20,3,4.35,1.68
46,22,21.1,1.1,7,10,0.101325,625,20,2,1.25,1.13
47,22,21.1,1.1,7,20,0.101325,625,20,2,1.25,1.11
48,22,21.1,1.1,7,30,0.101325,625,20,2,1.25,1.1
49,22,21.1,1.1,7,40,0.101325,625,20,2,1.25,1.17
50,22,21.1,1.1,7,50,0.101325,625,20,2,1.25,2.34
51,22,21.1,1.7,8,10,0.101325,625,20,2,1.25,1.08
52,22,21.1,1.7,8,20,0.101325,625,20,2,1.25,1.14
53,22,21.1,1.7,8,30,0.101325,625,20,2,1.25,1.05
54,22,21.1,1.7,8,40,0.101325,625,20,2,1.25,1.33
55,22,21.1,1.7,8,50,0.101325,625,20,2,1.25,2.07
56,22,21.1,2.8,9,10,0.101325,625,20,2,1.25,1.15
57,22,21.1,2.8,9,20,0.101325,625,20,2,1.25,1.08
58,22,21.1,2.8,9,30,0.101325,625,20,2,1.25,1.16
59,22,21.1,2.8,9,40,0.101325,625,20,2,1.25,1.27
60,22,21.1,2.8,9,50,0.101325,625,20,2,1.25,1.26
61,22,21.1,1.7,8,30,0.101325,2500,20,1,2.5,1.1
62,22,21.1,1.7,8,30,0.101325,1250,20,2,2.5,1.11
63,22,21.1,1.7,8,30,0.101325,833,20,3,2.5,1.13
64,22,21.1,1.7,8,30,0.101325,625,20,4,2.5,1.16
65,22,21.1,1.7,8,30,0.101325,500,20,5,2.5,1.18
66,22,21.1,1.7,8,30,0.101325,417,20,6,2.5,1.24
67,22,21.1,1.7,8,30,0.101325,1825,10,2,1.65,1.37
68,22,21.1,1.7,8,30,0.101325,1825,20,2,1.65,1.23
69,22,21.1,1.7,8,30,0.101325,1825,30,2,1.65,1.19
70,22,21.1,1.7,8,30,0.101325,1825,40,2,1.65,1.15
71,22,21.1,1.7,8,30,0.101325,1825,50,2,1.65,1.13
72,22,21.1,1.7,8,30,0.101325,1825,60,2,1.65,1.1
73,22,20.5,0.1,6,25,0.101325,250,30,5,1.25,3.13
74,22,20.5,1.9,6,25,0.101325,250,30,5,1.25,1.54
75,22,20.5,8.4,6,25,0.101325,250,30,5,1.25,2.55
76,22,20.5,6.3,6,25,0.101325,250,30,5,1.25,2.51
77,22,25.5,8.4,6,25,0.101325,250,30,5,1.25,2.14
78,22,27.6,8.4,6,25,0.101325,250,30,5,1.25,1.29
79,22,20.5,8.4,4,25,0.101325,250,30,5,1.25,2.35
80,22,20.5,8.4,5,25,0.101325,250,30,5,1.25,2.35
81,22,21.1,8.7,6,25,0.101325,2500,0.5,0.5,1.25,1.15
82,22,21.1,8.7,6,25,0.101325,2500,1,0.5,1.25,1.13
83,22,21.1,8.7,6,50,0.101325,2500,0.5,0.5,1.25,1.08
84,22,21.1,8.7,6,50,0.101325,2500,1,0.5,1.25,1.13
85,22,21.1,8.7,6,75,0.101325,1250,0.5,1,1.25,1.09
86,22,21.1,8.7,6,75,0.101325,1250,1,1,1.25,1.15
87,22,21.1,8.7,6,25,0.101325,1250,3,1,1.25,1.05
88,22,21.1,8.7,6,25,0.101325,1250,5,1,1.25,1.07
89,22,21.1,8.7,6,25,0.101325,1250,10,1,1.25,1.09
90,22,21.1,8.7,6,25,0.101325,1250,15,1,1.25,1.13
91,22,21.1,8.7,6,50,0.101325,1250,5,1,1.25,1.06
92,22,21.1,8.7,6,50,0.101325,1250,10,1,1.25,1.14
93,22,21.1,8.7,6,50,0.101325,1250,15,1,1.25,1.19
94,22,21.1,8.7,6,75,0.101325,1250,5,1,1.25,1.3
95,22,21.1,8.7,6,75,0.101325,1250,10,1,1.25,1.65
96,22,21.1,8.7,6,75,0.101325,1250,15,1,1.25,2.05
97,22,21.1,8.7,6,50,0.101325,3125,5,0.4,1.25,1.25
98,22,21.1,8.7,6,50,0.101325,1250,5,1,1.25,1.05
99,22,19.5,8.7,6,50,0.101325,250,5,5,1.25,1.49
100,22,18.8,8.7,6,50,0.101325,2500,1,0.5,1.25,1.99
101,22,18.8,8.7,6,50,0.101325,2500,1,0.5,1.25,1.78
102,22,18.8,8.7,6,50,0.101325,3125,5,0.4,1.25,2.18
103,22,21.2,8.4,6,30,0.101325,2000,2,5,10,1.24
104,22,21.2,8.4,6,30,0.101325,2000,2,5,10,1.18
105,22,21.2,8.4,6,30,0.101325,2000,10,5,10,1.74
106,22,21.2,8.4,6,30,0.101325,2000,10,5,10,1.5
107,22,21.2,8.4,6,30,0.101325,2000,30,5,10,2.08
108,22,21.2,8.4,6,30,0.101325,2000,30,5,10,1.43
109,22,21.2,8.4,6,30,0.101325,2000,60,5,10,1.58
110,22,21.2,8.4,6,30,0.101325,2000,60,5,10,1.87
111,22,19,7.1,4,30,0.3,250,60,1.1,0.28,3.4
112,22,19,7.1,4,50,0.3,250,60,1.1,0.28,3.5
113,22,19,8.4,4,30,0.3,250,60,2,0.5,3.85
114,22,19,8.4,5,30,0.3,250,60,2,0.5,3.6
115,22,20.5,8.4,5,30,0.3,250,60,2.01,0.5,2.68
116,22,20.5,8.4,5,50,0.3,250,60,1.94,0.49,3.28
117,22,20.5,8.4,6,25,0.1,250,5,5,1.25,1.61
118,40,20.5,8.4,6,25,0.1,250,5,5,1.25,1.88
119,72,20.5,8.4,6,25,0.1,250,5,5,1.25,3.01
120,22,20.5,8.4,6,25,0.1,250,1,5,1.25,1.12
121,22,20.5,8.4,6,50,0.1,250,1,5,1.25,1.17
122,22,20.5,8.4,6,50,0.1,250,5,5,1.25,1.83
123,40,21.1,8.7,6,25,0.1,250,5,5,1.25,1.9
124,72,21.1,8.7,6,25,0.1,250,5,5,1.25,2.7
125,22,21.1,8.7,6,50,0.1,250,1,5,1.25,1.13
126,22,21.1,8.7,6,75,0.1,250,1,5,1.25,1.15
127,22,21.1,8.7,6,90,0.1,250,1,5,1.25,1.3
128,22,20.5,1.9,6,25,0.1,250,30,5,1.25,1.54
129,22,20.5,0.1,6,25,0.1,250,30,5,1.25,3.13
130,22,18.8,8.7,6,25,0.1,250,1,5,1.25,1.99
131,22,18.8,8.7,6,25,0.1,250,1,5,1.25,1.78
132,22,18.8,8.7,6,50,0.101325,3125,5,0.4,1.25,2.18
133,22,25.5,8.4,6,25,0.1,250,30,5,1.25,2.14
134,22,27.6,8.4,6,25,0.1,250,30,5,1.25,1.29
135,22,21.1,8.7,6,25,0.1,2500,1,0.5,1.25,1.13
136,22,21.1,8.7,6,50,0.1,2500,0.5,0.5,1.25,1.08
137,22,21.1,8.7,6,50,0.1,2500,1,0.5,1.25,1.13
138,22,21.1,8.7,6,75,0.1,1250,0.5,1,1.25,1.09
139,22,21.1,8.7,6,75,0.1,1250,1,1,1.25,1.15
140,22,21.1,8.7,6,90,0.1,625,0.5,2,1.25,1.22
141,22,21.1,8.7,6,90,0.1,625,1,2,1.25,1.3
142,22,21.1,2.8,9,25,0.2,2500,30,25,62.5,1.57
143,22,21.1,2.8,9,25,0.1,2500,30,20,50,1.53
144,22,21.1,2.8,9,25,0.15,2500,30,20,50,1.6
145,22,21.1,2.8,9,25,0.2,2500,30,20,50,1.6
146,22,21.1,2.8,9,5,0.2,2500,30,20,50,1.9
147,22,21.1,2.8,9,50,0.2,2500,30,20,50,2
148,22,21.1,2.8,9,70,0.2,2500,30,20,50,3
149,40,20.5,8.4,6,50,0.9,2500,30,0.5,1.25,2.38
150,22,19,8.4,6,50,0.9,2500,30,0.5,1.25,2.74
151,40,23.1,8.4,6,25,0.101325,1250,10,0.5,0.625,2.2
152,40,23.1,8.4,6,25,0.101325,1250,10,0.5,0.625,2.4
153,40,18.6,0.1,8,25,0.101325,1250,10,0.5,0.625,1.7
154,40,23.1,8.4,6,25,0.1,6250,5,0.2,1.25,1.8
155,40,16.9,8.4,6,25,0.1,6250,5,0.2,1.25,1.9
156,40,19.4,8.4,6,25,0.1,6250,5,0.2,1.25,1.9
157,40,18.8,8.4,6,25,0.1,6250,5,0.2,1.25,1.9
158,40,17.7,8.4,6,25,0.1,6250,5,0.2,1.25,1.8
159,40,17.7,8.4,4,25,0.1,6250,5,0.2,1.25,1.9
160,40,16.8,8.4,6,25,0.1,6250,5,0.2,1.25,1.8
161,40,17.5,8.4,6,25,0.1,6250,5,0.2,1.25,1.6
162,40,17.5,8.4,4,25,0.1,6250,5,0.2,1.25,1.6
163,40,23.1,8.4,6,25,0.1,6250,5,0.2,1.25,1.8
164,40,19,8.4,6,25,0.1,6250,5,0.2,1.25,1.8
165,40,19.4,8.4,6,25,0.1,6250,5,0.2,1.25,2.1
166,40,20.5,8.4,6,25,0.1,6250,5,0.2,1.25,2
167,40,25.5,8.4,6,25,0.1,6250,5,0.2,1.25,2.2
168,40,27.6,8.4,6,25,0.1,6250,5,0.2,1.25,2.1
169,40,27.6,8.4,6,25,0.1,500,5,0.5,0.25,2.12
170,40,27.6,8.4,6,25,0.1,900,5,0.5,0.25,2
171,40,27.6,8.4,6,25,0.1,1250,5,0.5,0.25,2.2
172,40,27.6,8.4,6,25,0.1,2500,5,0.5,0.25,2
173,40,27.6,8.4,6,25,0.1,5000,5,0.5,0.25,2.1
174,40,27.6,8.4,6,25,0.1,7500,5,0.5,0.25,2
175,40,27.6,8.4,6,25,0.1,12500,5,0.5,0.25,2.1
176,40,20.5,8.4,6,25,0.1,2500,5,0.5,1.25,2.38
177,40,27.6,8.4,6,25,0.1,2500,5,0.5,1.25,2.02
178,40,27.6,8.4,6,25,0.1,1250,5,0.5,0.625,2.26
179,40,27.6,8.4,6,25,0.1,500,5,0.5,0.25,2.12
180,40,27.6,8.4,6,25,0.1,900,5,0.5,0.25,2.04
181,40,27.6,8.4,6,25,0.1,1250,5,0.5,0.25,2.22
182,40,27.6,8.4,6,25,0.1,2500,5,0.5,0.25,1.97
183,40,27.6,8.4,6,25,0.1,5000,5,0.5,0.25,2.05
184,40,27.6,8.4,6,25,0.1,7500,5,0.5,0.25,1.99
185,40,27.6,8.4,6,25,0.1,12500,5,0.5,0.25,2.12
186,40,27.6,8.4,6,25,0.1,900,5,0.5,0.25,2.04
187,40,27.6,8.4,6,25,0.1,900,15,0.5,0.25,2.84
188,40,27.6,8.4,6,25,0.1,900,30,0.5,0.25,5.88
189,40,16.8,8.4,6,25,0.1,1250,5,0.5,0.625,2
190,40,17.5,8.4,6,25,0.1,1250,5,0.5,0.625,1.7
191,40,17.5,8.4,4,25,0.1,1250,5,0.5,0.625,1.7
192,40,23.1,8.4,6,25,0.1,1250,5,0.5,0.625,2.1
193,40,19,8.4,6,25,0.1,1250,5,0.5,0.625,1.7
194,40,19.4,8.4,6,25,0.1,1250,5,0.5,0.625,2.7
195,40,19,2.9,2,25,0.1,1250,5,0.5,0.625,1.8
196,40,19.4,2.9,2,25,0.1,1250,5,0.5,0.625,2.5
197,40,16.8,8.4,6,25,0.1,12500,5,0.1,1.25,1.9
198,40,17.5,8.4,6,25,0.1,12500,5,0.1,1.25,1.6
199,40,17.5,8.4,4,25,0.1,12500,5,0.1,1.25,1.6
200,40,23.1,8.4,6,25,0.1,12500,5,0.1,1.25,1.9
201,40,19,8.4,6,25,0.1,12500,5,0.1,1.25,1.8
202,40,19,2.9,2,25,0.1,12500,5,0.1,1.25,1.8
203,22,21.1,8.7,5,29,0.1,2500,5,0.5,1.25,1.72
204,40,21.1,8.7,5,29,0.1,2500,5,0.5,1.25,1.98
205,72,25.5,8.4,6,30,0.4,2000,30,1,2,6.2
206,72,25.5,8.4,6,30,0.4,2000,30,0.5,1,4.4
207,72,23.5,9.1,3,80,0.4,2000,30,0.1,0.2,2.6
208,72,23.5,9.1,3,30,0.4,2000,30,0.1,0.2,6.3
209,72,21.1,8.7,6,80,0.4,2000,30,2,4,4.5
210,72,21.1,8.7,6,40,0.4,2000,30,0.5,1,3.5
211,72,21.1,9.1,3,80,0.4,2000,30,0.25,0.5,4
212,72,21.1,9.1,3,30,0.4,2000,30,0.25,0.5,2.6
213,72,21.1,8.7,6,30,0.4,2000,30,0.5,1,2.9
214,72,21.1,9.1,3,30,0.4,2000,30,0.25,0.5,2.6
215,40,20.5,8.4,6,25,0.1,12500,5,0.1,1.25,2.06
216,72,20.5,8.4,6,25,0.1,2500,5,0.5,1.25,2.56
217,40,20.5,8.4,6,25,0.1,12500,5,0.1,1.25,2.06
218,72,20.5,8.4,6,25,0.1,2500,5,0.5,1.25,2.56
219,22,21.1,8.7,6,25,0.1,250,5,5,1.25,1.25
220,22,21.1,8.7,6,25,0.1,250,5,5,1.25,1.05
221,22,19.5,8.7,6,25,0.1,250,5,5,1.25,1.06
222,22,20.5,8.4,6,60,0.3,2000,20,5,10,2.1
223,22,20.5,8.4,6,40,0.5,2000,20,5,10,2.2
224,22,20.5,8.4,6,60,0.5,2000,20,5,10,2.2
225,22,20.5,8.4,6,80,0.5,2000,20,5,10,1.9
226,22,20.5,8.4,6,60,1,2000,10,2.5,5,2
227,22,20.3,8.4,6,60,0.3,2000,20,5,10,2.1
228,22,20.3,8.4,6,40,0.5,2000,20,5,10,2.1
229,22,20.3,8.4,6,60,0.5,2000,20,5,10,2.3
230,22,20.3,8.4,6,80,0.5,2000,20,5,10,2.1
231,22,20.3,8.4,6,60,1,2000,10,5,10,2
